ID,uid,filename,year,inferred_label,letter
9002,479,Theta_09002_479.jpg,888,Delta,Theta
9002,169,Iota_09002_169.jpg,888,Iota,Iota
9002,265,Nu_09002_265.jpg,888,Omicron,Nu
9002,361,Pi_09002_361.jpg,888,Omega,Pi
9002,145,Gamma_09002_145.jpg,888,Upsilon,Gamma
9002,503,Upsilon_09002_503.jpg,888,Omicron,Upsilon
9002,1,Alpha_09002_001.jpg,888,Delta,Alpha
9002,455,Tau_09002_455.jpg,888,Tau,Tau
9002,97,Epsilon_09002_097.jpg,888,Epsilon,Epsilon
9002,432,Sigma_09002_432.jpg,888,Sigma,Sigma
9002,313,Omicron_09002_313.jpg,888,Theta,Omicron
9002,407,Rho_09002_407.jpg,888,Theta,Rho
9003,505,Upsilon_09003_505.jpg,895,Omega,Upsilon
9003,217,Lambda_09003_217.jpg,895,Chi,Lambda
9003,481,Theta_09003_481.jpg,895,Theta,Theta
9003,147,Gamma_09003_147.jpg,895,Kappa,Gamma
9003,386,Psi_09003_386.jpg,895,Beta,Psi
9003,290,Omega_09003_290.jpg,895,Omega,Omega
9003,195,Kappa_09003_195.jpg,895,Kappa,Kappa
9003,337,Phi_09003_337.jpg,895,Theta,Phi
9003,121,Eta_09003_121.jpg,895,Eta,Eta
9003,408,Rho_09003_408.jpg,895,Theta,Rho
9003,75,Delta_09003_075.jpg,895,Delta,Delta
9003,267,Nu_09003_267.jpg,895,Nu,Nu
9003,457,Tau_09003_457.jpg,895,Tau,Tau
9003,434,Sigma_09003_434.jpg,895,Sigma,Sigma
9003,2,Alpha_09003_002.jpg,895,Delta,Alpha
9003,315,Omicron_09003_315.jpg,895,Omicron,Omicron
9003,241,Mu_09003_241.jpg,895,Kappa,Mu
9003,433,Sigma_09003_433.jpg,895,Omega,Sigma
9003,409,Rho_09003_409.jpg,895,Theta,Rho
9003,74,Delta_09003_074.jpg,895,Lambda,Delta
9003,52,Chi_09003_052.jpg,895,Chi,Chi
9003,552,Zeta_09003_552.jpg,895,Theta,Zeta
9003,170,Iota_09003_170.jpg,895,Sigma,Iota
9003,171,Iota_09003_171.jpg,895,Omicron,Iota
9003,529,Xi_09003_529.jpg,895,Xi,Xi
9003,146,Gamma_09003_146.jpg,895,Upsilon,Gamma
9003,26,Beta_09003_026.jpg,895,Omega,Beta
9003,218,Lambda_09003_218.jpg,895,Eta,Lambda
9003,339,Phi_09003_339.jpg,895,Theta,Phi
9003,551,Zeta_09003_551.jpg,895,Beta,Zeta
9003,291,Omega_09003_291.jpg,895,Omega,Omega
9003,27,Beta_09003_027.jpg,895,Omega,Beta
9003,362,Pi_09003_362.jpg,895,Beta,Pi
9003,219,Lambda_09003_219.jpg,895,Alpha,Lambda
9003,73,Delta_09003_073.jpg,895,Delta,Delta
9003,193,Kappa_09003_193.jpg,895,Kappa,Kappa
9003,385,Psi_09003_385.jpg,895,Alpha,Psi
9003,3,Alpha_09003_003.jpg,895,Theta,Alpha
9003,266,Nu_09003_266.jpg,895,Nu,Nu
9003,123,Eta_09003_123.jpg,895,Omega,Eta
9003,289,Omega_09003_289.jpg,895,Omega,Omega
9003,25,Beta_09003_025.jpg,895,Kappa,Beta
9003,528,Xi_09003_528.jpg,895,Zeta,Xi
9003,338,Phi_09003_338.jpg,895,Theta,Phi
9003,314,Omicron_09003_314.jpg,895,Sigma,Omicron
9003,242,Mu_09003_242.jpg,895,Mu,Mu
9003,122,Eta_09003_122.jpg,895,Kappa,Eta
9003,527,Xi_09003_527.jpg,895,Theta,Xi
9003,99,Epsilon_09003_099.jpg,895,Epsilon,Epsilon
9003,363,Pi_09003_363.jpg,895,Beta,Pi
9003,553,Zeta_09003_553.jpg,895,Theta,Zeta
9003,504,Upsilon_09003_504.jpg,895,Mu,Upsilon
9003,194,Kappa_09003_194.jpg,895,Kappa,Kappa
9003,50,Chi_09003_050.jpg,895,Chi,Chi
9003,51,Chi_09003_051.jpg,895,Chi,Chi
9003,243,Mu_09003_243.jpg,895,Eta,Mu
9003,98,Epsilon_09003_098.jpg,895,Theta,Epsilon
9003,456,Tau_09003_456.jpg,895,Tau,Tau
9003,480,Theta_09003_480.jpg,895,Delta,Theta
9006,364,Pi_09006_364.jpg,835,Omega,Pi
9006,554,Zeta_09006_554.jpg,835,Delta,Zeta
9006,244,Mu_09006_244.jpg,835,Gamma,Mu
9006,28,Beta_09006_028.jpg,835,Omega,Beta
9006,316,Omicron_09006_316.jpg,835,Omicron,Omicron
9006,220,Lambda_09006_220.jpg,835,Iota,Lambda
9006,53,Chi_09006_053.jpg,835,Upsilon,Chi
9006,148,Gamma_09006_148.jpg,835,Iota,Gamma
9006,100,Epsilon_09006_100.jpg,835,Delta,Epsilon
9006,340,Phi_09006_340.jpg,835,Lambda,Phi
9006,458,Tau_09006_458.jpg,835,Tau,Tau
9006,506,Upsilon_09006_506.jpg,835,Omicron,Upsilon
9006,530,Xi_09006_530.jpg,835,Tau,Xi
9006,410,Rho_09006_410.jpg,835,Iota,Rho
9006,124,Eta_09006_124.jpg,835,Omega,Eta
9006,76,Delta_09006_076.jpg,835,Xi,Delta
9006,268,Nu_09006_268.jpg,835,Lambda,Nu
9006,435,Sigma_09006_435.jpg,835,Theta,Sigma
9006,196,Kappa_09006_196.jpg,835,Omega,Kappa
9006,482,Theta_09006_482.jpg,835,Omicron,Theta
9006,172,Iota_09006_172.jpg,835,Iota,Iota
9006,4,Alpha_09006_004.jpg,835,Omicron,Alpha
9006,292,Omega_09006_292.jpg,835,Omicron,Omega
10007,149,Gamma_10007_149.jpg,947,Tau,Gamma
10007,388,Psi_10007_388.jpg,947,Phi,Psi
10007,173,Iota_10007_173.jpg,947,Iota,Iota
10007,507,Upsilon_10007_507.jpg,947,Omicron,Upsilon
10007,483,Theta_10007_483.jpg,947,Alpha,Theta
10007,77,Delta_10007_077.jpg,947,Beta,Delta
10007,221,Lambda_10007_221.jpg,947,Alpha,Lambda
10007,531,Xi_10007_531.jpg,947,Zeta,Xi
10007,365,Pi_10007_365.jpg,947,Omicron,Pi
10007,101,Epsilon_10007_101.jpg,947,Theta,Epsilon
10007,411,Rho_10007_411.jpg,947,Rho,Rho
10007,29,Beta_10007_029.jpg,947,Omega,Beta
10007,555,Zeta_10007_555.jpg,947,Sigma,Zeta
10007,459,Tau_10007_459.jpg,947,Tau,Tau
10007,341,Phi_10007_341.jpg,947,Tau,Phi
10007,54,Chi_10007_054.jpg,947,Chi,Chi
10007,270,Nu_10007_270.jpg,947,Theta,Nu
10007,317,Omicron_10007_317.jpg,947,Omicron,Omicron
10007,197,Kappa_10007_197.jpg,947,Omega,Kappa
10007,245,Mu_10007_245.jpg,947,Kappa,Mu
10007,436,Sigma_10007_436.jpg,947,Omicron,Sigma
10007,387,Psi_10007_387.jpg,947,Iota,Psi
10007,30,Beta_10007_030.jpg,947,Omega,Beta
10007,125,Eta_10007_125.jpg,947,Kappa,Eta
10007,293,Omega_10007_293.jpg,947,Theta,Omega
10007,269,Nu_10007_269.jpg,947,Omega,Nu
10007,532,Xi_10007_532.jpg,947,Xi,Xi
10007,5,Alpha_10007_005.jpg,947,Delta,Alpha
10009,342,Phi_10009_342.jpg,914,Phi,Phi
10009,198,Kappa_10009_198.jpg,914,Kappa,Kappa
10009,174,Iota_10009_174.jpg,914,Iota,Iota
10009,222,Lambda_10009_222.jpg,914,Lambda,Lambda
10009,126,Eta_10009_126.jpg,914,Omega,Eta
10009,366,Pi_10009_366.jpg,914,Tau,Pi
10009,484,Theta_10009_484.jpg,914,Delta,Theta
10009,150,Gamma_10009_150.jpg,914,Upsilon,Gamma
10009,271,Nu_10009_271.jpg,914,Nu,Nu
10009,533,Xi_10009_533.jpg,914,Xi,Xi
10009,246,Mu_10009_246.jpg,914,Eta,Mu
10009,294,Omega_10009_294.jpg,914,Theta,Omega
10009,318,Omicron_10009_318.jpg,914,Theta,Omicron
10009,437,Sigma_10009_437.jpg,914,Alpha,Sigma
10009,460,Tau_10009_460.jpg,914,Upsilon,Tau
10009,55,Chi_10009_055.jpg,914,Chi,Chi
10009,6,Alpha_10009_006.jpg,914,Omega,Alpha
10009,78,Delta_10009_078.jpg,914,Delta,Delta
10009,31,Beta_10009_031.jpg,914,Omega,Beta
10009,102,Epsilon_10009_102.jpg,914,Epsilon,Epsilon
10009,412,Rho_10009_412.jpg,914,Omicron,Rho
10010,343,Phi_10010_343.jpeg,942,Delta,Phi
10010,508,Upsilon_10010_508.jpeg,942,Omicron,Upsilon
10010,32,Beta_10010_032.jpg,942,Kappa,Beta
10010,556,Zeta_10010_556.jpeg,942,Theta,Zeta
10010,295,Omega_10010_295.jpeg,942,Omega,Omega
10010,127,Eta_10010_127.jpeg,942,Omicron,Eta
10010,247,Mu_10010_247.jpeg,942,Kappa,Mu
10010,461,Tau_10010_461.jpeg,942,Tau,Tau
10010,413,Rho_10010_413.jpeg,942,Theta,Rho
10010,367,Pi_10010_367.jpeg,942,Upsilon,Pi
10010,56,Chi_10010_056.jpeg,942,Xi,Chi
10010,7,Alpha_10010_007.jpeg,942,Omicron,Alpha
10010,103,Epsilon_10010_103.jpeg,942,Delta,Epsilon
10010,151,Gamma_10010_151.jpeg,942,Kappa,Gamma
10010,199,Kappa_10010_199.jpeg,942,Kappa,Kappa
10010,319,Omicron_10010_319.jpeg,942,Omicron,Omicron
10010,390,Psi_10010_390.jpeg,942,Upsilon,Psi
10010,223,Lambda_10010_223.jpeg,942,Chi,Lambda
10010,79,Delta_10010_079.jpeg,942,Rho,Delta
10010,389,Psi_10010_389.jpeg,942,Psi,Psi
10010,175,Iota_10010_175.jpeg,942,Iota,Iota
10010,485,Theta_10010_485.jpeg,942,Theta,Theta
10030,152,Gamma_10030_152.jpg,984,Upsilon,Gamma
10030,200,Kappa_10030_200.jpg,984,Omega,Kappa
10030,296,Omega_10030_296.jpg,984,Omega,Omega
10030,486,Theta_10030_486.jpg,984,Phi,Theta
10030,272,Nu_10030_272.jpg,984,Omega,Nu
10030,368,Pi_10030_368.jpg,984,Omicron,Pi
10030,509,Upsilon_10030_509.jpg,984,Omicron,Upsilon
10030,344,Phi_10030_344.jpg,984,Beta,Phi
10030,248,Mu_10030_248.jpg,984,Omega,Mu
10030,224,Lambda_10030_224.jpg,984,Lambda,Lambda
10030,414,Rho_10030_414.jpg,984,Rho,Rho
10030,320,Omicron_10030_320.jpg,984,Theta,Omicron
10030,510,Upsilon_10030_510.jpg,984,Omicron,Upsilon
10030,439,Sigma_10030_439.jpg,984,Sigma,Sigma
10030,80,Delta_10030_080.jpg,984,Delta,Delta
10030,558,Zeta_10030_558.jpg,984,Sigma,Zeta
10030,8,Alpha_10030_008.jpg,984,Omicron,Alpha
10030,462,Tau_10030_462.jpg,984,Tau,Tau
10030,176,Iota_10030_176.jpg,984,Omicron,Iota
10030,104,Epsilon_10030_104.jpg,984,Theta,Epsilon
10030,534,Xi_10030_534.jpg,984,Zeta,Xi
10030,128,Eta_10030_128.jpg,984,Omega,Eta
10030,557,Zeta_10030_557.jpg,984,Epsilon,Zeta
10030,57,Chi_10030_057.jpg,984,Chi,Chi
10030,438,Sigma_10030_438.jpg,984,Gamma,Sigma
11001,297,Omega_11001_297.jpg,1062,Theta,Omega
11001,321,Omicron_11001_321.jpg,1062,Omicron,Omicron
11001,9,Alpha_11001_009.jpg,1062,Omicron,Alpha
11001,201,Kappa_11001_201.jpg,1062,Kappa,Kappa
11001,81,Delta_11001_081.jpg,1062,Delta,Delta
11001,415,Rho_11001_415.jpg,1062,Theta,Rho
11001,440,Sigma_11001_440.jpg,1062,Gamma,Sigma
11001,105,Epsilon_11001_105.jpg,1062,Epsilon,Epsilon
11001,225,Lambda_11001_225.jpg,1062,Lambda,Lambda
11001,463,Tau_11001_463.jpg,1062,Tau,Tau
11001,129,Eta_11001_129.jpg,1062,Mu,Eta
11001,273,Nu_11001_273.jpg,1062,Nu,Nu
11001,391,Psi_11001_391.jpg,1062,Phi,Psi
11001,345,Phi_11001_345.jpg,1062,Delta,Phi
11001,153,Gamma_11001_153.jpg,1062,Upsilon,Gamma
11001,369,Pi_11001_369.jpg,1062,Theta,Pi
11001,511,Upsilon_11001_511.jpg,1062,Nu,Upsilon
11001,487,Theta_11001_487.jpg,1062,Theta,Theta
11001,177,Iota_11001_177.jpg,1062,Iota,Iota
11001,249,Mu_11001_249.jpg,1062,Kappa,Mu
11001,535,Xi_11001_535.jpg,1062,Xi,Xi
11001,58,Chi_11001_058.jpg,1062,Chi,Chi
11001,559,Zeta_11001_559.jpg,1062,Theta,Zeta
11010,536,Xi_11010_536.jpg,1007,Theta,Xi
11010,416,Rho_11010_416.jpg,1007,Theta,Rho
11010,178,Iota_11010_178.jpg,1007,Omicron,Iota
11010,346,Phi_11010_346.jpg,1007,Beta,Phi
11010,106,Epsilon_11010_106.jpg,1007,Beta,Epsilon
11010,488,Theta_11010_488.jpg,1007,Alpha,Theta
11010,512,Upsilon_11010_512.jpg,1007,Omicron,Upsilon
11010,560,Zeta_11010_560.jpg,1007,Theta,Zeta
11010,298,Omega_11010_298.jpg,1007,Omega,Omega
11010,226,Lambda_11010_226.jpg,1007,Lambda,Lambda
11010,10,Alpha_11010_010.jpg,1007,Omega,Alpha
11010,59,Chi_11010_059.jpg,1007,Chi,Chi
11010,250,Mu_11010_250.jpg,1007,Kappa,Mu
11010,82,Delta_11010_082.jpg,1007,Delta,Delta
11010,154,Gamma_11010_154.jpg,1007,Upsilon,Gamma
11010,274,Nu_11010_274.jpg,1007,Kappa,Nu
11010,322,Omicron_11010_322.jpg,1007,Sigma,Omicron
11010,33,Beta_11010_033.jpeg,1007,Omega,Beta
11010,464,Tau_11010_464.jpg,1007,Tau,Tau
11010,441,Sigma_11010_441.jpg,1007,Alpha,Sigma
11010,202,Kappa_11010_202.jpg,1007,Kappa,Kappa
11010,370,Pi_11010_370.jpg,1007,Upsilon,Pi
11010,130,Eta_11010_130.jpg,1007,Kappa,Eta
11044,299,Omega_11044_299.jpg,1063,Omega,Omega
11044,34,Beta_11044_034.jpg,1063,Omega,Beta
11044,417,Rho_11044_417.jpg,1063,Rho,Rho
11044,155,Gamma_11044_155.jpg,1063,Upsilon,Gamma
11044,347,Phi_11044_347.jpg,1063,Theta,Phi
11044,203,Kappa_11044_203.jpg,1063,Upsilon,Kappa
11044,60,Chi_11044_060.jpg,1063,Chi,Chi
11044,561,Zeta_11044_561.jpg,1063,Theta,Zeta
11044,537,Xi_11044_537.jpg,1063,Theta,Xi
11044,131,Eta_11044_131.jpg,1063,Eta,Eta
11044,83,Delta_11044_083.jpg,1063,Alpha,Delta
11044,392,Psi_11044_392.jpg,1063,Phi,Psi
11044,323,Omicron_11044_323.jpg,1063,Omicron,Omicron
11044,11,Alpha_11044_011.jpg,1063,Omicron,Alpha
11044,251,Mu_11044_251.jpg,1063,Mu,Mu
11044,513,Upsilon_11044_513.jpg,1063,Omicron,Upsilon
11044,538,Xi_11044_538.jpg,1063,Xi,Xi
11044,179,Iota_11044_179.jpg,1063,Beta,Iota
11044,442,Sigma_11044_442.jpg,1063,Gamma,Sigma
11044,489,Theta_11044_489.jpg,1063,Lambda,Theta
11044,107,Epsilon_11044_107.jpg,1063,Epsilon,Epsilon
11044,35,Beta_11044_035.jpg,1063,Kappa,Beta
11044,465,Tau_11044_465.jpg,1063,Tau,Tau
11044,371,Pi_11044_371.jpg,1063,Tau,Pi
11044,227,Lambda_11044_227.jpg,1063,Lambda,Lambda
11044,275,Nu_11044_275.jpg,1063,Mu,Nu
11045,372,Pi_11045_372.jpg,1040,Tau,Pi
11045,180,Iota_11045_180.jpg,1040,Iota,Iota
11045,324,Omicron_11045_324.jpg,1040,Theta,Omicron
11045,394,Psi_11045_394.jpg,1040,Psi,Psi
11045,84,Delta_11045_084.jpg,1040,Zeta,Delta
11045,348,Phi_11045_348.jpg,1040,Phi,Phi
11045,132,Eta_11045_132.jpg,1040,Kappa,Eta
11045,418,Rho_11045_418.jpg,1040,Rho,Rho
11045,252,Mu_11045_252.jpg,1040,Mu,Mu
11045,466,Tau_11045_466.jpg,1040,Tau,Tau
11045,108,Epsilon_11045_108.jpg,1040,Sigma,Epsilon
11045,36,Beta_11045_036.jpeg,1040,Omega,Beta
11045,393,Psi_11045_393.jpg,1040,Phi,Psi
11045,204,Kappa_11045_204.jpg,1040,Kappa,Kappa
11045,562,Zeta_11045_562.jpg,1040,Omicron,Zeta
11045,156,Gamma_11045_156.jpg,1040,Upsilon,Gamma
11045,443,Sigma_11045_443.jpg,1040,Sigma,Sigma
11045,276,Nu_11045_276.jpg,1040,Mu,Nu
11045,61,Chi_11045_061.jpg,1040,Chi,Chi
11045,490,Theta_11045_490.jpg,1040,Beta,Theta
11045,228,Lambda_11045_228.jpg,1040,Chi,Lambda
11045,514,Upsilon_11045_514.jpg,1040,Omega,Upsilon
11045,12,Alpha_11045_012.jpg,1040,Omicron,Alpha
11045,300,Omega_11045_300.jpg,1040,Omega,Omega
12004,373,Pi_12004_373.jpeg,1133,Omicron,Pi
12004,563,Zeta_12004_563.jpeg,1133,Theta,Zeta
12004,13,Alpha_12004_013.jpg,1133,Omicron,Alpha
12004,454,Sigmai_12004_454.jpg,1133,Sigma,Sigma
12004,419,Rho_12004_419.jpg,1133,Omicron,Rho
12004,157,Gamma_12004_157.jpeg,1133,Upsilon,Gamma
12004,277,Nu_12004_277.jpeg,1133,Kappa,Nu
12004,467,Tau_12004_467.jpeg,1133,Tau,Tau
12004,205,Kappa_12004_205.jpg,1133,Kappa,Kappa
12004,491,Theta_12004_491.jpeg,1133,Delta,Theta
12004,515,Upsilon_12004_515.jpeg,1133,Upsilon,Upsilon
12004,229,Lambda_12004_229.jpeg,1133,Chi,Lambda
12004,253,Mu_12004_253.jpg,1133,Mu,Mu
12004,301,Omega_12004_301.jpg,1133,Omega,Omega
12004,109,Epsilon_12004_109.jpeg,1133,Epsilon,Epsilon
12004,181,Iota_12004_181.jpeg,1133,Iota,Iota
12004,539,Xi_12004_539.jpg,1133,Xi,Xi
12004,62,Chi_12004_062.jpeg,1133,Chi,Chi
12004,133,Eta_12004_133.jpeg,1133,Omega,Eta
12004,349,Phi_12004_349.jpeg,1133,Xi,Phi
12004,85,Delta_12004_085.jpeg,1133,Lambda,Delta
12004,230,Lambda_12004_230.jpg,1133,Lambda,Lambda
12004,37,Beta_12004_037.jpg,1133,Omega,Beta
12004,395,Psi_12004_395.jpg,1133,Psi,Psi
12004,325,Omicron_12004_325.jpeg,1133,Omicron,Omicron
12017,86,Delta_12017_086.jpg,1143,Delta,Delta
12017,206,Kappa_12017_206.jpg,1143,Kappa,Kappa
12017,350,Phi_12017_350.jpg,1143,Delta,Phi
12017,38,Beta_12017_038.jpg,1143,Omega,Beta
12017,396,Psi_12017_396.jpg,1143,Phi,Psi
12017,516,Upsilon_12017_516.jpg,1143,Omega,Upsilon
12017,492,Theta_12017_492.jpg,1143,Phi,Theta
12017,420,Rho_12017_420.jpg,1143,Rho,Rho
12017,564,Zeta_12017_564.jpg,1143,Theta,Zeta
12017,14,Alpha_12017_014.jpg,1143,Sigma,Alpha
12017,431,SIgma_12017_431.jpg,1143,Theta,Sigma
12017,134,Eta_12017_134.jpg,1143,Omicron,Eta
12017,254,Mu_12017_254.jpg,1143,Kappa,Mu
12017,182,Iota_12017_182.jpg,1143,Iota,Iota
12017,326,Omicron_12017_326.jpg,1143,Omicron,Omicron
12017,540,Xi_12017_540.jpg,1143,Iota,Xi
12017,158,Gamma_12017_158.jpg,1143,Upsilon,Gamma
12017,49,ChI_12017_049.jpg,1143,Chi,Chi
12017,468,Tau_12017_468.jpg,1143,Tau,Tau
12017,374,Pi_12017_374.jpg,1143,Tau,Pi
12017,110,Epsilon_12017_110.jpg,1143,Theta,Epsilon
12017,278,Nu_12017_278.jpg,1143,Nu,Nu
12039,444,Sigma_12039_444.jpg,1129,Omicron,Sigma
12039,183,Iota_12039_183.jpg,1129,Theta,Iota
12039,517,Upsilon_12039_517.jpg,1129,Omega,Upsilon
12039,375,Pi_12039_375.jpg,1129,Tau,Pi
12039,159,Gamma_12039_159.jpg,1129,Kappa,Gamma
12039,87,Delta_12039_087.jpg,1129,Xi,Delta
12039,421,Rho_12039_421.jpg,1129,Theta,Rho
12039,111,Epsilon_12039_111.jpg,1129,Theta,Epsilon
12039,565,Zeta_12039_565.jpg,1129,Zeta,Zeta
12039,327,Omicron_12039_327.jpg,1129,Omicron,Omicron
12039,469,Tau_12039_469.jpg,1129,Tau,Tau
12039,493,Theta_12039_493.jpg,1129,Phi,Theta
12039,63,Chi_12039_063.jpg,1129,Chi,Chi
12039,302,Omega_12039_302.jpg,1129,Omega,Omega
12039,541,Xi_12039_541.jpg,1129,Beta,Xi
12039,15,Alpha_12039_015.jpg,1129,Theta,Alpha
12039,240,Lmbda_12039_240.jpg,1129,Chi,Lambda
12039,135,Eta_12039_135.jpg,1129,Alpha,Eta
12039,207,Kappa_12039_207.jpg,1129,Eta,Kappa
12039,255,Mu_12039_255.jpg,1129,Kappa,Mu
12039,39,Beta_12039_039.jpg,1129,Kappa,Beta
12039,351,Phi_12039_351.jpg,1129,Delta,Phi
12039,279,Nu_12039_279.jpg,1129,Nu,Nu
12039,397,Psi_12039_397.jpg,1129,Phi,Psi
12046,376,Pi_12046_376.jpg,1171,Theta,Pi
12046,328,Omicron_12046_328.jpg,1171,Theta,Omicron
12046,208,Kappa_12046_208.jpg,1171,Kappa,Kappa
12046,518,Upsilon_12046_518.jpg,1171,Beta,Upsilon
12046,231,Lambda_12046_231.jpg,1171,Lambda,Lambda
12046,160,Gamma_12046_160.jpg,1171,Kappa,Gamma
12046,64,Chi_12046_064.jpg,1171,Chi,Chi
12046,303,Omega_12046_303.jpg,1171,Delta,Omega
12046,112,Epsilon_12046_112.jpg,1171,Theta,Epsilon
12046,40,Beta_12046_040.jpg,1171,Omega,Beta
12046,136,Eta_12046_136.jpg,1171,Theta,Eta
12046,304,Omega_12046_304.jpg,1171,Omega,Omega
12046,398,Psi_12046_398.jpg,1171,Phi,Psi
12046,566,Zeta_12046_566.jpg,1171,Theta,Zeta
12046,542,Xi_12046_542.jpg,1171,Iota,Xi
12046,445,Sigma_12046_445.jpg,1171,Sigma,Sigma
12046,470,Tau_12046_470.jpg,1171,Tau,Tau
12046,422,Rho_12046_422.jpg,1171,Theta,Rho
12046,16,Alpha_12046_016.jpg,1171,Omicron,Alpha
12046,280,Nu_12046_280.jpg,1171,Eta,Nu
12046,88,Delta_12046_088.jpg,1171,Lambda,Delta
12046,256,Mu_12046_256.jpg,1171,Eta,Mu
12046,184,Iota_12046_184.jpg,1171,Iota,Iota
12046,352,Phi_12046_352.jpg,1171,Beta,Phi
12046,494,Theta_12046_494.jpg,1171,Alpha,Theta
13006,471,Tau_13006_471.jpg,1294,Sigma,Tau
13006,281,Nu_13006_281.jpg,1294,Mu,Nu
13006,567,Zeta_13006_567.jpg,1294,Theta,Zeta
13006,185,Iota_13006_185.jpg,1294,Omicron,Iota
13006,543,Xi_13006_543.jpg,1294,Tau,Xi
13006,17,Alpha_13006_017.jpg,1294,Omicron,Alpha
13006,495,Theta_13006_495.jpg,1294,Theta,Theta
13006,305,Omega_13006_305.jpg,1294,Omicron,Omega
13006,353,Phi_13006_353.jpg,1294,Phi,Phi
13006,137,Eta_13006_137.jpg,1294,Omega,Eta
13006,232,Lambda_13006_232.jpg,1294,Lambda,Lambda
13006,209,Kappa_13006_209.jpg,1294,Kappa,Kappa
13006,423,Rho_13006_423.jpg,1294,Omicron,Rho
13006,89,Delta_13006_089.jpg,1294,Omicron,Delta
13006,446,Sigma_13006_446.jpg,1294,Sigma,Sigma
13006,377,Pi_13006_377.jpg,1294,Omega,Pi
13006,519,Upsilon_13006_519.jpg,1294,Omicron,Upsilon
13006,65,Chi_13006_065.jpg,1294,Lambda,Chi
13006,399,Psi_13006_399.jpg,1294,Phi,Psi
13006,257,Mu_13006_257.jpg,1294,Omega,Mu
13006,113,Epsilon_13006_113.jpg,1294,Beta,Epsilon
13006,329,Omicron_13006_329.jpg,1294,Omicron,Omicron
13030,258,Mu_13030_258.jpg,1285,Eta,Mu
13030,568,Zeta_13030_568.jpg,1285,Theta,Zeta
13030,66,Chi_13030_066.jpg,1285,Chi,Chi
13030,186,Iota_13030_186.jpg,1285,Iota,Iota
13030,282,Nu_13030_282.jpg,1285,Kappa,Nu
13030,378,Pi_13030_378.jpg,1285,Omega,Pi
13030,42,Beta_13030_042.jpg,1285,Beta,Beta
13030,41,Beta_13030_041.jpg,1285,Nu,Beta
13030,520,Upsilon_13030_520.jpg,1285,Nu,Upsilon
13030,138,Eta_13030_138.jpg,1285,Kappa,Eta
13030,400,Psi_13030_400.jpg,1285,Psi,Psi
13030,210,Kappa_13030_210.jpg,1285,Kappa,Kappa
13030,90,Delta_13030_090.jpg,1285,Tau,Delta
13030,330,Omicron_13030_330.jpg,1285,Tau,Omicron
13030,496,Theta_13030_496.jpg,1285,Theta,Theta
13030,447,Sigma_13030_447.jpg,1285,Tau,Sigma
13030,161,Gamma_13030_161.jpg,1285,Kappa,Gamma
13030,306,Omega_13030_306.jpg,1285,Omega,Omega
13030,544,Xi_13030_544.jpg,1285,Epsilon,Xi
13030,424,Rho_13030_424.jpg,1285,Rho,Rho
13030,114,Epsilon_13030_114.jpg,1285,Beta,Epsilon
13030,354,Phi_13030_354.jpg,1285,Alpha,Phi
13030,472,Tau_13030_472.jpg,1285,Tau,Tau
13030,18,Alpha_13030_018.jpg,1285,Omega,Alpha
13030,233,Lambda_13030_233.jpg,1285,Lambda,Lambda
13040,67,Chi_13040_067.jpg,1201,Chi,Chi
13040,211,Kappa_13040_211.jpg,1201,Eta,Kappa
13040,43,Beta_13040_043.jpg,1201,Beta,Beta
13040,497,Theta_13040_497.jpg,1201,Theta,Theta
13040,425,Rho_13040_425.jpg,1201,Rho,Rho
13040,162,Gamma_13040_162.jpg,1201,Upsilon,Gamma
13040,473,Tau_13040_473.jpg,1201,Upsilon,Tau
13040,139,Eta_13040_139.jpg,1201,Kappa,Eta
13040,569,Zeta_13040_569.jpg,1201,Beta,Zeta
13040,91,Delta_13040_091.jpg,1201,Beta,Delta
13040,234,Lambda_13040_234.jpg,1201,Chi,Lambda
13040,521,Upsilon_13040_521.jpg,1201,Omega,Upsilon
13040,307,Omega_13040_307.jpg,1201,Omega,Omega
13040,187,Iota_13040_187.jpg,1201,Beta,Iota
13040,401,Psi_13040_401.jpg,1201,Nu,Psi
13040,283,Nu_13040_283.jpg,1201,Nu,Nu
13040,115,Epsilon_13040_115.jpg,1201,Epsilon,Epsilon
13040,19,Alpha_13040_019.jpg,1201,Delta,Alpha
13040,331,Omicron_13040_331.jpg,1201,Theta,Omicron
13040,448,Sigma_13040_448.jpg,1201,Tau,Sigma
13040,163,Gamma_13040_163.jpg,1201,Upsilon,Gamma
13040,379,Pi_13040_379.jpg,1201,Pi,Pi
13040,259,Mu_13040_259.jpg,1201,Mu,Mu
13040,355,Phi_13040_355.jpg,1201,Phi,Phi
13040,545,Xi_13040_545.jpg,1201,Theta,Xi
13043,260,Mu_13043_260.jpg,1225,Mu,Mu
13043,449,Sigma_13043_449.jpg,1225,Sigma,Sigma
13043,68,Chi_13043_068.jpg,1225,Chi,Chi
13043,380,Pi_13043_380.jpg,1225,Tau,Pi
13043,44,Beta_13043_044.jpg,1225,Theta,Beta
13043,116,Epsilon_13043_116.jpg,1225,Epsilon,Epsilon
13043,426,Rho_13043_426.jpg,1225,Pi,Rho
13043,164,Gamma_13043_164.jpg,1225,Upsilon,Gamma
13043,402,Psi_13043_402.jpg,1225,Phi,Psi
13043,498,Theta_13043_498.jpg,1225,Theta,Theta
13043,92,Delta_13043_092.jpg,1225,Delta,Delta
13043,474,Tau_13043_474.jpg,1225,Tau,Tau
13043,140,Eta_13043_140.jpg,1225,Omega,Eta
13043,212,Kappa_13043_212.jpg,1225,Kappa,Kappa
13043,188,Iota_13043_188.jpg,1225,Iota,Iota
13043,332,Omicron_13043_332.jpg,1225,Omicron,Omicron
13043,20,Alpha_13043_020.jpg,1225,Omega,Alpha
13043,308,Omega_13043_308.jpg,1225,Omega,Omega
13043,235,Lambda_13043_235.jpg,1225,Lambda,Lambda
13043,546,Xi_13043_546.jpg,1225,Beta,Xi
13043,356,Phi_13043_356.jpg,1225,Theta,Phi
13043,284,Nu_13043_284.jpg,1225,Kappa,Nu
13043,570,Zeta_13043_570.jpg,1225,Theta,Zeta
13043,522,Upsilon_13043_522.jpg,1225,Theta,Upsilon
14002,261,Mu_14002_261.jpg,1301,Mu,Mu
14002,547,Xi_14002_547.jpg,1301,Theta,Xi
14002,450,Sigma_14002_450.jpg,1301,Theta,Sigma
14002,165,Gamma_14002_165.jpg,1301,Upsilon,Gamma
14002,69,Chi_14002_069.jpg,1301,Chi,Chi
14002,236,Lambda_14002_236.jpg,1301,Lambda,Lambda
14002,403,Psi_14002_403.jpg,1301,Iota,Psi
14002,45,Beta_14002_045.jpg,1301,Omega,Beta
14002,475,Tau_14002_475.jpg,1301,Tau,Tau
14002,499,Theta_14002_499.jpg,1301,Theta,Theta
14002,309,Omega_14002_309.jpg,1301,Omega,Omega
14002,213,Kappa_14002_213.jpg,1301,Kappa,Kappa
14002,93,Delta_14002_093.jpg,1301,Delta,Delta
14002,381,Pi_14002_381.jpg,1301,Omicron,Pi
14002,523,Upsilon_14002_523.jpg,1301,Theta,Upsilon
14002,333,Omicron_14002_333.jpg,1301,Omicron,Omicron
14002,117,Epsilon_14002_117.jpg,1301,Beta,Epsilon
14002,189,Iota_14002_189.jpg,1301,Omicron,Iota
14002,571,Zeta_14002_571.jpg,1301,Theta,Zeta
14002,427,Rho_14002_427.jpg,1301,Sigma,Rho
14002,357,Phi_14002_357.jpg,1301,Xi,Phi
14002,285,Nu_14002_285.jpg,1301,Omicron,Nu
14002,141,Eta_14002_141.jpg,1301,Omicron,Eta
14002,21,Alpha_14002_021.jpg,1301,Alpha,Alpha
14006,500,Theta_14006_500.jpg,1378,Omicron,Theta
14006,310,Omega_14006_310.jpg,1378,Theta,Omega
14006,548,Xi_14006_548.jpg,1378,Xi,Xi
14006,334,Omicron_14006_334.jpg,1378,Theta,Omicron
14006,358,Phi_14006_358.jpg,1378,Phi,Phi
14006,142,Eta_14006_142.jpg,1378,Mu,Eta
14006,94,Delta_14006_094.jpg,1378,Beta,Delta
14006,237,Lambda_14006_237.jpg,1378,Delta,Lambda
14006,476,Tau_14006_476.jpg,1378,Upsilon,Tau
14006,190,Iota_14006_190.jpg,1378,Theta,Iota
14006,167,Gamma_14006_167.jpg,1378,Kappa,Gamma
14006,572,Zeta_14006_572.jpg,1378,Epsilon,Zeta
14006,214,Kappa_14006_214.jpg,1378,Kappa,Kappa
14006,404,Psi_14006_404.jpg,1378,Zeta,Psi
14006,262,Mu_14006_262.jpg,1378,Alpha,Mu
14006,524,Upsilon_14006_524.jpg,1378,Theta,Upsilon
14006,382,Pi_14006_382.jpg,1378,Beta,Pi
14006,22,Alpha_14006_022.jpg,1378,Omicron,Alpha
14006,118,Epsilon_14006_118.jpg,1378,Omicron,Epsilon
14006,451,Sigma_14006_451.jpg,1378,Sigma,Sigma
14006,70,Chi_14006_070.jpg,1378,Chi,Chi
14006,46,Beta_14006_046.jpg,1378,Theta,Beta
14006,166,Gamma_14006_166.jpg,1378,Alpha,Gamma
14006,428,Rho_14006_428.jpg,1378,Omicron,Rho
14006,286,Nu_14006_286.jpg,1378,Delta,Nu
14007,238,Lambda_14007_238.jpg,1344,Lambda,Lambda
14007,335,Omicron_14007_335.jpg,1344,Theta,Omicron
14007,23,Alpha_14007_023.jpg,1344,Sigma,Alpha
14007,263,Mu_14007_263.jpg,1344,Kappa,Mu
14007,429,Rho_14007_429.jpg,1344,Theta,Rho
14007,383,Pi_14007_383.jpg,1344,Theta,Pi
14007,119,Epsilon_14007_119.jpg,1344,Epsilon,Epsilon
14007,452,Sigma_14007_452.jpg,1344,Sigma,Sigma
14007,549,Xi_14007_549.jpg,1344,Beta,Xi
14007,525,Upsilon_14007_525.jpg,1344,Omega,Upsilon
14007,143,Eta_14007_143.jpg,1344,Kappa,Eta
14007,215,Kappa_14007_215.jpg,1344,Kappa,Kappa
14007,501,Theta_14007_501.jpg,1344,Theta,Theta
14007,71,Chi_14007_071.jpg,1344,Chi,Chi
14007,287,Nu_14007_287.jpg,1344,Iota,Nu
14007,573,Zeta_14007_573.jpg,1344,Epsilon,Zeta
14007,191,Iota_14007_191.jpg,1344,Iota,Iota
14007,47,Beta_14007_047.jpg,1344,Beta,Beta
14007,95,Delta_14007_095.jpg,1344,Alpha,Delta
14007,311,Omega_14007_311.jpg,1344,Omega,Omega
14007,359,Phi_14007_359.jpg,1344,Delta,Phi
14007,477,Tau_14007_477.jpg,1344,Tau,Tau
14007,405,Psi_14007_405.jpg,1344,Psi,Psi
14034,264,Mu_14034_264.jpg,1318,Alpha,Mu
14034,192,Iota_14034_192.jpg,1318,Omicron,Iota
14034,430,Rho_14034_430.jpg,1318,Alpha,Rho
14034,168,Gamma_14034_168.jpg,1318,Upsilon,Gamma
14034,72,Chi_14034_072.jpg,1318,Upsilon,Chi
14034,120,Epsilon_14034_120.jpg,1318,Omicron,Epsilon
14034,502,Theta_14034_502.jpg,1318,Theta,Theta
14034,24,Alpha_14034_024.jpg,1318,Theta,Alpha
14034,239,Lambda_14034_239.jpg,1318,Upsilon,Lambda
14034,453,Sigma_14034_453.jpg,1318,Alpha,Sigma
14034,550,Xi_14034_550.jpg,1318,Upsilon,Xi
14034,336,Omicron_14034_336.jpg,1318,Omicron,Omicron
14034,144,Eta_14034_144.jpg,1318,Omicron,Eta
14034,406,Psi_14034_406.jpg,1318,Lambda,Psi
14034,526,Upsilon_14034_526.jpg,1318,Alpha,Upsilon
14034,360,Phi_14034_360.jpg,1318,Theta,Phi
14034,288,Nu_14034_288.jpg,1318,Upsilon,Nu
14034,96,Delta_14034_096.jpg,1318,Upsilon,Delta
14034,216,Kappa_14034_216.jpg,1318,Upsilon,Kappa
14034,384,Pi_14034_384.jpg,1318,Upsilon,Pi
14034,312,Omega_14034_312.jpg,1318,Theta,Omega
14034,48,Beta_14034_048.jpg,1318,Sigma,Beta
14034,478,Tau_14034_478.jpg,1318,Tau,Tau
14034,574,Zeta_14034_574.jpg,1318,Upsilon,Zeta
